ID	Table Name	Enabled	Event	Series
1	1 CORINTHIANS	1	0	0
2	1 TIMOTHY	1	0	0
3	1-3 JOHN	1	0	0
4	2 TIMOTHY	1	0	0
5	2009 HeartCry Romania Conferences	1	0	0
6	AIT - Bartlett Baptist Church Couples Retreat	1	0	0
7	AIT - Central Park Baptist Decatur	1	0	0
8	AIT - Honduras Leadership Training Conferences	1	0	0
9	AIT - India Leadership Training Conferences	1	0	0
10	AIT - MABTS NE Branch, Leadership Training Conference	1	0	0
11	AIT - Montego Bay Jamaica Leadership Training Conference	1	0	0
12	AIT - Romania Leadership Training Conference	1	0	0
13	AIT - South Africa Leadership Training Conferences	1	0	0
14	AIT - South Norfolk Baptist Couples Retreat	1	0	0
15	AIT - Student Discipleship Conferences	1	0	0
16	AL Alabama Baptist State Convention Events	1	0	0
17	AL Antioch Baptist Cullman	1	0	0
18	AL Arbor Springs Baptist Northport	1	0	0
19	AL Asphalt Rock Baptist	1	0	0
20	AL Associational Events	1	0	0
21	AL Austinville Baptist Decatur	1	0	0
22	AL BSU Noonday Service, UNA	1	0	0
23	AL Baptist Pastor's Conference	1	0	0
24	AL Bethel Baptist Church Odenville	1	0	0
25	AL Calvary Baptist Scottsboro	1	0	0
26	AL Capshaw Baptist Harvest	1	0	0
27	AL Central Baptist Talladega	1	0	0
28	AL Central Park Baptist Decatur	1	0	0
29	AL Church at Brook Hills Birmingham	1	0	0
30	AL Colbert-Lauderdale Baptist Assoc	1	0	0
31	AL Corinth Heights Baptist Haleyville	1	0	0
32	AL Duncan Creek Baptist Russellville	1	0	0
33	AL Elkmont Baptist Elkmont	1	0	0
34	AL Emmanuel Baptist Athens	1	0	0
35	AL FBC Barton	1	0	0
36	AL FBC Hackleburg	1	0	0
37	AL FBC Hamilton	1	0	0
38	AL FBC Hokes Bluff	1	0	0
39	AL FBC Holly Pond	1	0	0
40	AL FBC Irondale	1	0	0
41	AL FBC Jackson	1	0	0
42	AL FBC Jasper	1	0	0
43	AL FBC Killen	1	0	0
44	AL FBC Lanett	1	0	0
45	AL FBC Rogersville	1	0	0
46	AL FBC Russellville	1	0	0
47	AL FBC Saks	1	0	0
48	AL FBC Samson	1	0	0
49	AL FBC Satsuma	1	0	0
50	AL Fairhaven Baptist Demopolis	1	0	0
51	AL Fairview Baptist Florence	1	0	0
52	AL Flint River Baptist Hazel Green	1	0	0
53	AL Freedom Crusade Florence	1	0	0
54	AL Gilliam Springs Baptist Arab	1	0	0
55	AL Gladview Baptist Anniston	1	0	0
56	AL Grace Covenant Baptist Arab	1	0	0
57	AL Harvest Baptist Church Harvest	1	0	0
58	AL Highland Park Baptist	1	0	0
59	AL Hunter Street Baptist - Couples Retreat	1	0	0
60	AL Huntsville Park Baptist Huntsville	1	0	0
61	AL LaFayette Heights Baptist LaFayette	1	0	0
62	AL Lee Heights Baptist Florence	1	0	0
63	AL Leighton Baptist Leighton	1	0	0
64	AL Men's Retreat Shocco Springs	1	0	0
65	AL Moulton Baptist Moulton	1	0	0
66	AL Mount Zion Baptist Warrior	1	0	0
67	AL Mountain View Baptist Lawrence County	1	0	0
68	AL Mountain View Baptist Mission Barton	1	0	0
69	AL New Prospect Baptist Haleyville	1	0	0
70	AL North Villaage Baptist Church Florence	1	0	0
71	AL Parkview Baptist Decatur	1	0	0
72	AL Parkview Baptist Tuscumbia	1	0	0
73	AL Pleasant Grove Baptist Hamilton	1	0	0
74	AL Pleasant Grove Baptist Moulton	1	0	0
75	AL Providence Baptist Town Creek	1	0	0
76	AL Reform	1	0	0
77	AL Ruhama Baptist Geraldine	1	0	0
78	AL Sardis Baptist Boaz	1	0	0
79	AL Selma Baptist Church Dothan	1	0	0
80	AL Shades Mountain Baptist Birmingham	1	0	0
81	AL Sixteenth Avenue Baptist Decatur	1	0	0
82	AL Southside Baptist Greenville	1	0	0
83	AL Summit Baptist Decatur	1	0	0
84	AL Sweetwater Baptist Florence	1	0	0
85	AL Tharptown Baptist Russellville	1	0	0
86	AL UNA Campus Outreach	1	0	0
87	AL Underwood Baptist Florence	1	0	0
88	AL Westside Baptist Demopolis	1	0	0
89	AL Westside Baptist Tuscumbia	1	0	0
90	AL Whitehead Baptist Florence	1	0	0
91	AL Whitesburg Baptist Church Huntsville	1	0	0
92	AM MESSAGES	1	0	0
93	AMOS	1	0	0
94	AR FBC Hughes	1	0	0
95	AR FBC Osceola	1	0	0
96	AR Ouachita Baptist University Arkadelphia	1	0	0
97	AZ Village Park Baptist Church	1	0	0
98	BLOG POSTS	0	0	0
99	BOOK LIBRARY	0	0	0
100	Bethel Baptist	1	0	0
101	Bible Driven Church (Purpose Statement)	1	0	0
102	Brazil - Niteroi Conference	1	0	0
103	COLOSSIANS	1	0	0
104	Canada - Grace Baptist Church	1	0	0
105	Canada - People's Church Toronto	1	0	0
106	Couples Retreats	1	0	0
107	Crossbound Ministries Men's Retreat	1	0	0
108	DANIEL	1	0	0
109	EPHESIANS	1	0	0
110	EZRA	1	0	0
111	FBCMS / GLC	1	0	0
112	FBCMS College/Singles Retreats	1	0	0
113	FBCMS Couples Retreat	1	0	0
114	FBCMS Kids Kamp	1	0	0
115	FBCMS World Impact Conferences	1	0	0
116	FBCMS Youth Camps	1	0	0
117	FBCMS-Topics	0	0	0
118	FL Calvary Baptist Pensacola	1	0	0
119	FL FBC Lake Butler	1	0	0
120	FL FBC Ocala	1	0	0
121	FL FBC Palmetto	1	0	0
122	FL FBC Weston	1	0	0
123	FL Grace Baptist Lake City	1	0	0
124	FL Grace Church Lake City	1	0	0
125	FL Live Oak Church Navarre	1	0	0
126	FL Riverbend Community Church Ormond Beach	1	0	0
127	Foundations for the Christian Life	1	0	0
128	Free at Last	1	0	0
129	GA Midway Macedonia Baptist Villa Rica	1	0	0
130	GALATIANS	1	0	0
131	Governor's Bible Study	1	0	0
132	Grace Baptist Partnership - Barry King	1	0	0
133	Graduation Events	1	0	0
134	HBI Ministries	1	0	0
135	HEBREWS	1	0	0
136	HOSEA	1	0	0
137	HeartCry Ministries Conference	1	0	0
138	IA Grace Life Church Ankeny	1	0	0
139	IL Cornerstone Baptist Church Chicago	1	0	0
140	IL Emmaus Road Baptist Ewing	1	0	0
141	IL Second Baptist Church West Frankfort	1	0	0
142	IL Southern IL Bible and Evangelism Conference	1	0	0
143	IL Ten Mile Baptist Church Worship Renewal Conference	1	0	0
144	ISAIAH	1	0	0
145	India	1	0	0
146	JAMES	1	0	0
147	JONAH	1	0	0
148	Jeff Noblit Sermon Notebook	1	0	0
149	KY Ashland Ave Baptist Lexington	1	0	0
150	KY Lancaster Baptist Church Lancaster	1	0	0
151	KY Porter Memorial Baptist Lexington	1	0	0
152	LA FBC Bossier City	1	0	0
153	LA Grace Baptist Jonesville	1	0	0
154	LA Louisiana Baptist Pastor's Conference 2009	1	0	0
155	LA Westside Baptist Lake Charles	1	0	0
156	LUKE	1	0	0
157	MARK	1	0	0
158	MS FBC Nesbit	1	0	0
159	MS FBC West Point	1	0	0
160	MS Fifth Street Baptist Iuka	1	0	0
161	MS Founders Regional Conference Jackson2009	1	0	0
162	MS Grace Life Brookhaven	1	0	0
163	MS Great Commission Church Olive Branch	1	0	0
164	MS Highland Baptist Senatobia	1	0	0
165	MS Immanuel Baptist Cleveland	1	0	0
166	MS Meadowview Baptist Starkville	1	0	0
167	MS New Prospect Baptist Iuka	1	0	0
168	MS New Salem Baptist Iuka	1	0	0
169	MS RefMS Tupelo	1	0	0
170	MS Tate Baptist Corinth	1	0	0
171	MS Unity Baptist Iuka	1	0	0
172	MS Westside Baptist Starkville	1	0	0
173	Matt Fowler - Sunday AM	0	0	0
174	Matt Fowler - Sunday PM	0	0	0
175	Matt Fowler - Wednesday PM	0	0	0
176	Missions Conferences	1	0	0
177	Mount Hebron Baptist	1	0	0
178	NC Calvary Fellowship Arden	1	0	0
179	NC Southeastern Baptist Theological Seminary	1	0	0
180	NC Wake Forest Baptist Wake Forest	1	0	0
181	NY First Church of God Jamaica	1	0	0
182	OK FBC Salina	1	0	0
183	OK Grace Life Church Pryor	1	0	0
184	Owens Chapel Baptist	1	0	0
185	PHILEMON	1	0	0
186	PHILIPPIANS	1	0	0
187	PM MESSAGES	1	0	0
188	PROVERBS	1	0	0
189	PSALMS	1	0	0
190	Pastor's Conference Information	0	0	0
191	Pastors - Preachers	1	0	0
192	Peru Mission Trip 2005	1	0	0
193	Philippines	1	0	0
194	Plant/Partner/Missionary Visits	0	0	0
195	Pulpit Guests	1	0	0
196	Purpose Series	1	0	0
197	Purpose Series 2	1	0	0
198	REVELATION	1	0	0
199	RUTH	1	0	0
200	Rejoice It's Christmas	1	0	0
201	Ridgeview Baptist Church	1	0	0
202	Ruhama Baptist	1	0	0
203	SC Trinity Baptist Mission Lugoff	1	0	0
204	SONG OF SOLOMON	1	0	0
205	Scotland - Rebuild	1	0	0
206	Seminaries	1	0	0
207	Sermon Notebook 2	1	0	0
208	Sipsey Association Evangelism Conference	1	0	0
209	Solving Problems and Healing Hurts	1	0	0
210	South Africa - Mayfair Baptist	1	0	0
211	Southeastern Student Bible Conference	1	0	0
212	Sovereign Grace Baptist Pastor's Fellowship	1	0	0
213	TITUS	1	0	0
214	TN Calvary Baptist Waynesboro	1	0	0
215	TN Central Baptist Hixson	1	0	0
216	TN Concord Baptist Chattanooga	1	0	0
217	TN Deerfield Baptist Lawrenceburg	1	0	0
218	TN FBC Collinwood	1	0	0
219	TN FBC Lawrenceburg	1	0	0
220	TN FBC Leoma	1	0	0
221	TN FBC Loretto	1	0	0
222	TN FBC Shelbyville	1	0	0
223	TN FBC Troy	1	0	0
224	TN Grace Baptist Church Selmer	1	0	0
225	TN Gum Springs Baptist Lawrenceburg	1	0	0
226	TN Kirby Woods Baptist	1	0	0
227	TN Lakeview Baptist Selmer	1	0	0
228	TN Leoma Baptist Leoma	1	0	0
229	TN Meadow View Baptist Lawrenceburg	1	0	0
230	TN Mid America Baptist Theological Seminary	1	0	0
231	TN New Prospect Lawrenceburg	1	0	0
232	TN New Zion Baptist Giles County	1	0	0
233	TN Philadelphia Baptist Wayne County	1	0	0
234	TN Popular Heights Baptist Jackson	1	0	0
235	TN Ray's Chapel Baptist Waynesboro	1	0	0
236	TN Sharon Baptist Savannah	1	0	0
237	TN Shelbyville Mills Baptist Shelbyville	1	0	0
238	TN Shiloh Baptist Summerville	1	0	0
239	TN South Woods Baptist Memphis	1	0	0
240	TN West Main Baptist Church Alexandria	1	0	0
241	TRUE CHURCH CONF / WIC	1	0	0
242	TX FBC Briar	1	0	0
243	TX Founders Baptist Church	1	0	0
244	TX Goodlett Baptist Church Quanah	1	0	0
245	TX Grace Life Church Dallas	1	0	0
246	TX Lakeside Bible Church	1	0	0
247	The Antichrist-Coming Satanic Superman	1	0	0
248	The Family Assignments	1	0	0
249	The Return of Christ	1	0	0
250	The Unbreakable 8-Strand Cable of Sovereign Grace	1	0	0
251	VA Liberty University	1	0	0
252	WI Grace Life Church Richland Center	1	0	0
253	Wednesday Messages	1	0	0
254	Zephaniah	1	0	0
